0.5077886109183235, 0.7280528437659037, 0.5185897922388323
0.7757946108877242, 0.6019838330223529, 0.9977480833573259
0.34451159883600857, 0.8048803816459155, 0.17409453201360459
0.8400131294886557, 0.8623089177174417, 0.9350729413294782
0.22800419359957524, 0.49424463757272485, 0.46515358098246196
0.7996551335312625, 0.10867937798609806, 0.36384421726575267
0.28148594316844955, 0.04385900999828418, 0.761596754079027
0.5769410460259231, 0.18829521311163167, 0.9046891564924711
0.6492985287262097, 0.7941246635702338, 0.10666558782180324
0.02873818131115935, 0.9173919613574851, 0.7844588815787206
0.7661419293381299, 0.6942849223247003, 0.9735975048444866
0.7763988942725906, 0.5863831434055068, 0.6049419932857921
0.24598947655914927, 0.3568355369036855, 0.31773517963520104
0.20434614715226462, 0.5203623093031225, 0.7393422719638958
0.6067699580895294, 0.024861465654910098, 0.9216939278760898
0.5518016635372367, 0.7085003895687336, 0.9279918585554848
0.30096755089793936, 0.9039401548776197, 0.1538956370289255
0.2201759964946164, 0.5161518300108565, 0.3869010303567674
0.2994851019415723, 0.5348643398041383, 0.8549284680997354
0.8298374575401706, 0.3352534179477984, 0.06025437705450254
0.6367955000201447, 0.09260879938443423, 0.5076930528472532
0.16178708786718932, 0.8534633778205405, 0.9090148395752949
0.026794796500841822, 0.699483757848064, 0.5590003842289923
0.8116046526791956, 0.36892095163653515, 0.372429134210035
0.6049724664479936, 0.46694772731857004, 0.46191973319422364
0.23618341606619553, 0.23086205069749544, 0.32935695448423385
0.5445036800429461, 0.1336320513134619, 0.966339410460477
0.381404674646735, 0.32882870286705745, 0.15575903071241803
0.2794989415345528, 0.8711741514233508, 0.46337471722362233
0.4060557182540653, 0.4139620792423522, 0.37904094730312565
0.1926427620530351, 0.28075399514765276, 0.8977874450144303
0.2508797066721786, 0.5408474687087552, 0.19679913102742563
0.278418218816063, 0.4199438892780267, 0.3086979920810148
0.20045394282976903, 0.7404351210203335, 0.906266986964632
0.6655243432688266, 0.1716528152415312, 0.3966730769156088
0.8302861566908799, 0.1434204708823943, 0.4027007253630781
0.2082987366283301, 0.6064898395669004, 0.3957391439342388
0.17463846376006875, 0.6857342944234467, 0.09324310206168007
0.16918798980303407, 0.5805722347098395, 0.7498531316203235
0.8665458666752719, 0.5569398332433572, 0.2524927220015205
0.3916611800575175, 0.4583305955841752, 0.7495850334660075
0.8365839883039837, 0.058717160957485026, 0.3540078735997686
0.18141709739254008, 0.03175097444168884, 0.017834058408905173
0.7793194694306534, 0.18145691860797852, 0.7570690849859565
0.296143039476654, 0.8231603864311742, 0.9817856427043046
0.5460874217262336, 0.1863901600163117, 0.24088290895383624
0.21016943857213022, 0.5793926367634025, 0.7173753730940138
0.3616969763237551, 0.7996239992644902, 0.8615678309320688
0.9367322576679178, 0.8841330140685637, 0.5844805724821167
0.9246568447323398, 0.3307860006128762, 0.9851350104197742
0.7206793553626352, 0.0974711366254929, 0.21501633135229747
0.09120269821659954, 0.46743001718409594, 0.8185531147361846
0.46869095277162776, 0.8641039316265476, 0.7980435477637184
0.6903360293867398, 0.5585244287960534, 0.4390293344617554
0.7696531382342179, 0.9730173289432156, 0.3987559133989863
0.7196632178855659, 0.5747065004774808, 0.99888901492263
0.2288291455708723, 0.5824962192611147, 0.7215255078005589
0.5513446912715761, 0.35489612423417605, 0.17180650312403944
0.8468934382191552, 0.5975100878875895, 0.2976557352454756
0.07708834541594256, 0.2505442308761051, 0.8894201808860195
0.616577319444844, 0.07630794347316716, 0.3595918170505319
0.8558921086539434, 0.4393482512134209, 0.3012184131870308
0.9803522649246789, 0.895721009343754, 0.5154237282578733
0.13506702037084128, 0.3756747379794436, 0.6525503922302008
0.4338460212448747, 0.8883795785286442, 0.9178122547313755
0.10274746579087835, 0.4980394411632746, 0.3151083037173438
0.3100265401374368, 0.31983860501882233, 0.6340765062160238
0.32928115799846125, 0.14453566289631237, 0.5925378826850939
0.623949483580114, 0.861392105931429, 0.8700772722584877
0.16812730724882707, 0.9016710601310818, 0.6541234093180646
0.07927399341473862, 0.26892472484437224, 0.12756661677317704
0.9385924830201186, 0.3941520445523361, 0.18680125912647583
0.7649095311318491, 0.35516774870240575, 0.12757783662824196
0.19918730332926637, 0.9230904706796486, 0.18699881898340953
0.329041490308715, 0.7697318955946141, 0.8028001982580437
0.9597587549007991, 0.7851304063302336, 0.9977579753975133
0.18124484216999293, 0.7276970249841292, 0.038199823613789596
0.5628811547991328, 0.5092012593248404, 0.913953732472
0.5111616027842502, 0.4746376971170646, 0.3567598304575391
0.4021869695837448, 0.381976431942442, 0.7816927745804904
0.14089004430587027, 0.6869169367445644, 0.9383487583481925
0.021177260884971072, 0.2955046655326976, 0.2815921044191386
0.7612875570629358, 0.5959276667718469, 0.30348604292824977
0.25623377849962836, 0.23561070296007036, 0.45588055382483506
0.30017781937992727, 0.7306176259496749, 0.5661340402705048
0.42959913344446643, 0.2791345690684016, 0.3843018649581431
0.690200896396437, 0.30288614695851535, 0.28346033780976465
0.5614133984198874, 0.2203715587265277, 0.2736646466406458
0.34985659186169316, 0.3459550072229921, 0.8255062571085052
0.7257831264417044, 0.38753899011461546, 0.062497986117696525
0.26413960459131436, 0.3591301121970206, 0.620471459257105
0.017476268447061183, 0.6209578443290604, 0.5894178418375109
0.6989051222265565, 0.9378998785124544, 0.16535531335220166
0.7882229592188951, 0.094998617624663, 0.4871565032526528
0.6504594495604545, 0.37234749016824886, 0.9373357137282989
0.4416723830125946, 0.8016786091018206, 0.9712904451950232
0.01044455395794619, 0.5975544999262218, 0.2057406639187329
0.9025971138620185, 0.24796287457285027, 0.24293812736615472
0.8043545422002344, 0.9670791681362018, 0.6818813399508857
0.07961506415511266, 0.721040469993594, 0.13937581957557144
0.4753378422787714, 0.8066196985980132, 0.20533969685774178
0.07405227258464986, 0.3627227586220071, 0.18880126758898275
0.06552751491730258, 0.473408892867592, 0.5483960060292069
0.3250126361785899, 0.07911814919127547, 0.2704004675374041
0.8741045492275238, 0.0033971329373706505, 0.519863731700447
0.26854189137537043, 0.8552288321770722, 0.4853568071289519
0.12061395014873444, 0.350403186668513, 0.0072749672032726975
0.7951368671273822, 0.5033169663387579, 0.617272847576616
0.7365695081572191, 0.6085626415273957, 0.3506058001186977
0.8547959716403575, 0.952901665885675, 0.13231713029978953
0.3678293597052693, 0.5328689990655123, 0.4768978291306729
0.9442484572881221, 0.3900504649367632, 0.14280065475803838
0.26120149163248674, 0.6255484596180997, 0.8254475664151312
0.050724289183471605, 0.42207134552744163, 0.15724495779630465
0.9947213824169221, 0.20347414608567815, 0.08679920654410245
0.47630194078811416, 0.8255208816745202, 0.9616137951633706
0.1023882734612479, 0.2907233622381651, 0.7915680032908319
0.054032572641929844, 0.7222215143393376, 0.23840781995724225
0.948073782984053, 0.14950136388062685, 0.4899890744239732
0.7411032298586163, 0.4082030532908767, 0.8228065226394771
0.6739325004440033, 0.45266164970219, 0.6297591141703398
0.7565567092274442, 0.7695025415092936, 0.029896415633343776
0.43692310379768773, 0.8644841200340758, 0.784816928901423
0.06469507155622034, 0.7887979045260234, 0.6480383927646217
0.25084269507627, 0.40764330054427156, 0.9246693323142048
0.5052977345019863, 0.15701751461378455, 0.7862665233108009
0.6653124603138711, 0.8996984573795128, 0.3030630180063629
0.5750973837679979, 0.33033432957353226, 0.26581088074799275
0.8790324123578026, 0.8101289660922564, 0.9434585500519141
0.2803656198922674, 0.43817375976993345, 0.05681499836433457
0.14082143966189775, 0.6589615816494349, 0.8109791826446164
0.5386302994278506, 0.47176332828578127, 0.9523627699872041
0.923829264138792, 0.012305634277506305, 0.5872627358331252
0.9110181307402607, 0.9319316323295884, 0.23620310481649842
0.1480750800355417, 0.8624150928155778, 0.5537907442870519
0.5198999804144342, 0.1528019917360629, 0.20310374460736313
0.0032356186785763574, 0.7658996765911793, 0.785530856928499
0.5457054790680006, 0.4550715420732382, 0.6184911770632385
0.8133487283796352, 0.2809464653863011, 0.5517099391248631
0.8201287347190885, 0.02594858639414943, 0.3157327575518214
0.0606706007197102, 0.6423060253379357, 0.20270989772263348
0.530510260036286, 0.4266389989203434, 0.30575008380040425
0.6170497770868133, 0.06262977915017187, 0.6268005543829994
0.6338620844967215, 0.14350500754143458, 0.8671636989332754
0.43446301383670305, 0.7936834266471927, 0.6199188580197669
0.13259695425320583, 0.9235167524269883, 0.8702673218634267
0.23527146452960002, 0.036042629847632957, 0.8050723432626433
0.19318761905507043, 0.3631057886664447, 0.011107803151665596
0.9776534058256934, 0.7880179705280561, 0.4411658583261554
0.17126282006326343, 0.49361201632668883, 0.060966402785790796
0.20977776144570437, 0.7825429932012317, 0.9969730766500313
0.8414513564135455, 0.8646678367666354, 0.7116390199575832
0.5717027707201502, 0.2052573578587925, 0.45432682011123693
0.5889083717159231, 0.8544358396263625, 0.08000980437006333
0.15769266013214112, 0.020566532557946826, 0.21198485311429505
0.4950597609925884, 0.9148388205813435, 0.5602941613030028
0.7614942994682868, 0.4794716770788341, 0.2515186004027583
0.30772172004214715, 0.019890848692233676, 0.0346579050295156
0.03783087810412755, 0.9397309234552018, 0.009320740815424
0.31230603640642207, 0.351935683072515, 0.700237658358478
0.7165537216343489, 0.11359619948407873, 0.5816629731634827
0.3750987791098823, 0.9068726466347153, 0.09230715235480536
0.39002169166306677, 0.5610108717440788, 0.42675635642951704
0.5922619886502173, 0.1950300032041572, 0.6007460209821764
0.29470288426972213, 0.8786648798616019, 0.36995207405432096
0.40179609592453025, 0.07582892341198011, 0.6332327873873368
0.4569408093980427, 0.9814736734369446, 0.263420683234749
0.974627448970742, 0.3052495441093167, 0.98874441317755
0.6494001423292819, 0.9385436400524386, 0.19459030906777697
0.6415417249246603, 0.9557098753026194, 0.30591281528782
0.6848801294702822, 0.48804190920943624, 0.3199088940009951
0.9030312803464471, 0.14553073399858563, 0.15135384951638364
0.5808103943230636, 0.014024631952680666, 0.6606014664537648
0.7493043365881386, 0.6937822911265557, 0.343911296730966
0.28054866404799694, 0.9944763947169944, 0.020369454166480394
0.04962951903469526, 0.3969698321514372, 0.07438464410896073
0.6831865018397416, 0.7167442584772471, 0.3536536700198394
0.28764829562965655, 0.6545685884945489, 0.801151237097867
0.2754122734580172, 0.06924913250825726, 0.7562566233326236
0.977947401884374, 0.49558524776157653, 0.47643775970590907
0.2874328887960652, 0.04373883572199089, 0.8937696153277496
0.4265788947354512, 0.5697116532773667, 0.5040079285859923
0.917243805297325, 0.9792022703956454, 0.3002284828284473
0.7437642719683007, 0.05271725187327081, 0.7367525023644121
0.23776126615064508, 0.7275541653052998, 0.03945249671431639
0.002008148812150168, 0.41185479106896117, 0.5040061597938943
0.17046933124495, 0.6748662461772345, 0.741209987703629
0.4004409424514336, 0.6154556869668939, 0.9971656331305856
0.6751375809643689, 0.6846758383073646, 0.8171731857504653
0.16144839169035263, 0.2306656758479847, 0.6440054334663864
0.6625604464350321, 0.48803612461703094, 0.5879291256150523
0.48544192068102976, 0.3103996107021253, 0.34452330317061874
0.2277580278607163, 0.19664950684178584, 0.2693275821077863
0.23276750785240308, 0.44792179215611916, 0.5236096978767029
0.5631358807046006, 0.5006821427804392, 0.9782737614079686
0.51890512328731, 0.5947180305339567, 0.9496141269931353
0.3300812845151574, 0.6936114919451696, 0.6256872782339276
0.20281599094901337, 0.4611144202586188, 0.6661388076183327
0.6256011268609536, 0.07649724367655686, 0.31560573914927514
0.3429643256057342, 0.6128936730431597, 0.3521679679489029
0.8069832659232612, 0.08905158628354137, 0.5090308954791135
0.28746267017155824, 0.8513168015835434, 0.04985117422935581
0.9580672178181754, 0.9223602698301987, 0.13070746685973378
0.772130576562311, 0.5256969287465182, 0.7386915151411949
0.368389441147025, 0.5374819508648974, 0.1850574378486951
0.5130527210432563, 0.031101562193052046, 0.3702084171869029
0.02095530640756882, 0.2667204450451701, 0.5393259090221884
0.5103905425860749, 0.639850264425753, 0.060888868660975315
0.26227901508792684, 0.2532870020907533, 0.8598469044913326
0.011527718923815877, 0.8020811110939498, 0.44782414565617534
0.8731066713324901, 0.3053858405519848, 0.33031743784096057
0.6197814611687605, 0.22250831533491433, 0.18714101961190155
0.030244614449630003, 0.6393810464247783, 0.6150476504040286
0.857424461802285, 0.019184400688246228, 0.08834088700373899
0.8063824369452252, 0.9724237191035007, 0.4781863578503909
0.9980533860261925, 0.5340918337238036, 0.9679955462629056
0.09982938404372022, 0.4284020122152703, 0.7516343184228537
0.7446954893575356, 0.3800718885224663, 0.43583073541887685
0.22065137339444407, 0.34485895437867764, 0.7263488234168998
0.33963197130666845, 0.8561790588910883, 0.12884366529723212
0.8316534281789538, 0.837021085890783, 0.08749313895921895
0.614771326725097, 0.27312991848406176, 0.4404164187215176
0.896727667028762, 0.5845816065692309, 0.8337431792163452
0.914445401944853, 0.12807098497317215, 0.27893910676012224
0.6168798500876904, 0.8755495467674299, 0.12225722416455431
0.5045102040452673, 0.626274898325082, 0.48366179779722795
0.724235336686676, 0.25935271006381677, 0.11744635230973255
0.20328171632493797, 0.23631168271451064, 0.04563896389668032
0.6918601559088962, 0.9403758941843318, 0.9447266882561353
0.38365841631977615, 0.8013362014371024, 0.4718814600660072
0.434539397051259, 0.1670228226752436, 0.057745509717894494
0.9761934986677737, 0.025858821860316406, 0.40622411698273475
0.5018376360201985, 0.6458677275622744, 0.31387381544423154
0.596170701547485, 0.7750766907151844, 0.817871622240851
0.9757984985992251, 0.41305511490667934, 0.9596529047644257
0.7920690202487891, 0.7197634078076249, 0.6968826162176603
0.704376305253481, 0.5252244895156537, 0.4938471687836882
0.7082162355377345, 0.13794758975483645, 0.6856652185681391
0.8478571610378641, 0.4611710601139063, 0.9861410696251057
0.13284041373352473, 0.6461318622744942, 0.5294166322106642
0.2557224621696289, 0.7463686226008658, 0.1665519625464601
0.0979231122942863, 0.8254649395007853, 0.6707661715261344
0.9891106202147328, 0.19041334398757648, 0.29341433171809994
0.46490050769595104, 0.9768080473078359, 0.9409595762431228
0.46959445579446624, 0.3493145922077284, 0.08229935314270942
0.49789005563290134, 0.9746324143685933, 0.7299191874160595
0.6756386129611723, 0.6491474147498156, 0.507322349094589
0.4431523169007767, 0.5816260754249373, 0.5404671405149707
0.4779358525875951, 0.7155561162793157, 0.039680158265458454
0.9212213623574446, 0.8691257763530978, 0.6598232411099041
0.35481875279607333, 0.1974991603567886, 0.38255926283280284
0.23971612146984744, 0.0952496568973803, 0.19797167347735167
0.15695556724876147, 0.027864514089944614, 0.3102332121342032
0.9653166104314775, 0.6019920860823545, 0.7532978862169428
0.39129460780116954, 0.07445352257855198, 0.1825824739364672
0.5896708246898377, 0.880527208697305, 0.9485673167151866
0.3093184000762038, 0.37049140731440344, 0.7416426328735922
0.39487473887668745, 0.8434068686542893, 0.4342637948641431
0.35258686898130276, 0.11431441515397889, 0.10822297650240964
0.6003080800933613, 0.7529564322251996, 0.2528180699342052
0.7146379648563836, 0.8551219795658955, 0.48511188009701856
0.15654693795567498, 0.9535704280688428, 0.6895000513637585
0.7048007752516021, 0.36945402329712496, 0.9867490882998919
0.6682285996863787, 0.10526566617817879, 0.5687591547522051
0.5754629530215928, 0.7370250077278161, 0.5982273154041474
0.572400860559688, 0.6271149619952009, 0.9754925291072829
0.6257966321451386, 0.7722550586218965, 0.41068372321625457
0.9902126299987587, 0.43928392924550386, 0.34788765142121936
0.8947373153809022, 0.9086990590337981, 0.6740369761067994
0.3978342118724759, 0.2954315499632505, 0.9827887842705751
0.07385450924056292, 0.6888769397747558, 0.5869652957228599
0.13914689199667818, 0.27418506876900073, 0.06851518511201882
0.42325327025633697, 0.42491417956097965, 0.140235590493196
0.7118029666446735, 0.6471166419214427, 0.18812724049132012
0.2742779532859224, 0.2809527523545614, 0.3220803891257029
0.00539316769258269, 0.9558560761554056, 0.7645820392657691
0.011905912461811496, 0.8234015794994393, 0.9592598074605863
0.23320536626025212, 0.8542756533150095, 0.5162093631803732
0.4045462405537307, 0.998551058176257, 0.8275863609906733
0.07683403962009316, 0.04155303348970363, 0.6965088303875973
0.4935963527940982, 0.959544034462002, 0.14076232691350998
0.626990411637524, 0.4137110583503949, 0.6683350422097019
0.4705379736211497, 0.27871258079896843, 0.3829803456816824
0.5474338324802589, 0.6771729261764435, 0.3428877782443257
0.6034202792369796, 0.8712719918944601, 0.7523475071373766
0.6770349334811832, 0.927060954889239, 0.7542237408990096
0.1720134910449601, 0.6185987862679466, 0.3391607597633848
0.10450370981117851, 0.721382981518466, 0.7677932852392307
0.9233173206562799, 0.831971851214886, 0.9826150897924434
0.8600608545291708, 0.6527433896092639, 0.786194489995172
0.9549574277243251, 0.6307657213825034, 0.48576606671557787
0.4489618992000618, 0.30151374652224394, 0.6382166774336457
0.408645637942608, 0.2345643207102045, 0.2724725944061157
0.8558403084342475, 0.2651008121044639, 0.36148014358666347
0.44154665867904497, 0.47030325428339104, 0.43946467329734074
0.650731264897815, 0.010535818041645051, 0.7296079812912121
0.71918578124154, 0.27901241166944135, 0.5863413777251884
0.8736629925522631, 0.9524277969673091, 0.4688024893869682
0.015423122243775955, 0.14955587675891413, 0.4378093811832511
0.3330180491994429, 0.07260438534656044, 0.6647329417013171
0.3358661575513041, 0.608370004096585, 0.5442948985127138
0.36351674721801763, 0.7756046766824976, 0.8094366364982141
0.520615218155868, 0.7258686797712978, 0.7445581352415532
0.4145674891131823, 0.5165699730853571, 0.8820310455769237
0.2970422072806349, 0.055083917592631204, 0.3793323720922289
0.7126586932613637, 0.0928484901501917, 0.3208443528325663
0.8068649560449573, 0.16127793366425702, 0.7874021739125896
0.7180930799713675, 0.7025173555517459, 0.4243859140923063
0.33444980482718434, 0.5196133915972284, 0.5209044463762731
0.9042312464228048, 0.833631595718634, 0.7325577200043901
0.222282965985794, 0.8102923212185957, 0.15783227801130184
0.17592811206200032, 0.4458090114812061, 0.07769695463123405
0.2289932037722241, 0.7075328625944904, 0.036472166452271026
0.8343032334346103, 0.476107945282208, 0.9693462729841322
0.11616665640113844, 0.9928881361634004, 0.7054118586819593
0.6305498858145027, 0.47627382312105737, 0.6708670444771889
0.3403161212627398, 0.9991355810104815, 0.18729417226973177
0.047193752642418874, 0.7474251768206837, 0.04580202457301996
0.9704814194486123, 0.9545671983332188, 0.15501566965285885
0.3379778959922999, 0.05709492115801884, 0.9747976959847225
0.49164427879965467, 0.11715650522793852, 0.9728011942874698
0.056162178206137225, 0.32509073928216536, 0.7693283497868826
0.9279188433385188, 0.7038039621070248, 0.9656311288739631
0.2361495456063839, 0.2686157525903333, 0.6077100760820635
0.7126762802676082, 0.49358539880044106, 0.7498312217784628
0.16752458765476652, 0.17009850555700134, 0.08512060762647566
0.22760957362279288, 0.749433941032532, 0.5331092110534815
0.8382282067808843, 0.7366964592754429, 0.6675863783883162
0.7583391391853868, 0.31564196561613256, 0.8186624578937823
0.8209839442033207, 0.5688118260918233, 0.2570775047747368
0.3964829485601511, 0.6365127000070558, 0.31678997475575266
0.25239992537030964, 0.45341747927883136, 0.4697528044955067
0.8300136502164329, 0.15383631730630098, 0.267195417439392
0.8974367251260683, 0.500638013818426, 0.2826840923179953
0.9749293121818767, 0.39890090776901344, 0.04121775577391762
0.3150666942427096, 0.7998409708650696, 0.7686021166129186
0.528373850211598, 0.84164062895959, 0.3577995225624294
0.22774675146149648, 0.5823180987422734, 0.9877586809407835
0.07983508534245842, 0.610307652757951, 0.7891992416622963
0.15344604150702423, 0.936204878938376, 0.18717972114753878
0.7632739420544732, 0.8866478524038562, 0.32825381481636506
0.6619520203547554, 0.5671949437964744, 0.1385575625471075
0.2262248326069567, 0.6227509128873894, 0.5612476168837638
0.666437755803189, 0.37433835168978025, 0.2668348266788084
0.1361550964304642, 0.14719645359363132, 0.6588748862958717
0.5280984938001532, 0.19911193597730537, 0.6440830879032379
0.5406583287734967, 0.832370257606618, 0.7289941428169456
0.42922052531671273, 0.7902515012981565, 0.5813636201844734
0.19423356194891717, 0.8062905105389407, 0.6323401473823268
0.12336957442440954, 0.13563308580774114, 0.500541998149228
0.8051950760382656, 0.40725372599657683, 0.7564383838472438
0.387392759320933, 0.9717663224956209, 0.7360487350076502
0.9332707859351073, 0.8162469936082409, 0.38087750293977196
0.03740846340124626, 0.6640653464711367, 0.5527525538360877
0.6701524058692042, 0.850417413876836, 0.6029467253942206
0.4105731143074032, 0.22671994992303068, 0.7917256520979742
0.9970148677049507, 0.9728527617314136, 0.5774076046763033
0.6087054162381951, 0.036301665634847935, 0.41390093361165303
0.8670477533828256, 0.05330264579773014, 0.3556982063891664
0.323228512835419, 0.6016851871780005, 0.7174832000989871
0.18644227236761035, 0.6069160987793488, 0.48288813602957237
0.6596497349451191, 0.4447938489438098, 0.9953981850915571
0.34002930709085066, 0.1211323004003767, 0.8668159345271533
0.4220979654007141, 0.8793174352784198, 0.8828318061746466
0.15071732941414528, 0.55394887650147, 0.21152404757955523
0.8443222574988503, 0.952002096866795, 0.052691236009727915
0.8947637716366618, 0.22119443801161387, 0.4917107821241131
0.7249330985881332, 0.5343513388940677, 0.35114991099438075
0.48432644448567175, 0.5793166622393728, 0.8186716118058015
0.4753307799662282, 0.0694581871215697, 0.950732730259714
0.23816372194238133, 0.018597832599663966, 0.4402039385879869
0.2743773355514352, 0.6339342528062294, 0.8309452827727429
0.9011328385687999, 0.7965465130988273, 0.1531782318387621
0.5719676770922425, 0.16011728764454425, 0.4944163353381288
0.1505009426111762, 0.9212708131867282, 0.7607832272303593
0.7436571791120645, 0.06739796231454409, 0.5799448897677159
0.6961367116951385, 0.8205825947028628, 0.3465641495078423
0.09169510933357561, 0.4089634425286225, 0.15463484214177126
0.9933670560400297, 0.3569510188224292, 0.5808876212148865
0.3573607303656823, 0.48373394154152505, 0.33925298336147003
0.3395146503975415, 0.4456325577104331, 0.33586577860215805
0.870440004028615, 0.7718723141522348, 0.3497214064280614
0.8126053980425751, 0.6496406073715416, 0.9224033724253827
0.7509303919269988, 0.9019517564626106, 0.5007942803484464
0.7750517239658564, 0.5288482541140564, 0.9351251726763996
0.7044078348930141, 0.0715235472000394, 0.6148843140074378
0.9447536864637311, 0.7514776266435215, 0.20159391086404133
0.8465977905626312, 0.14016383782149822, 0.18098515464638376
0.8163679130831737, 0.49643615618131076, 0.6824236642621533
0.25710014364082057, 0.2616952173150844, 0.5088483811399027
0.27869985404426767, 0.1182013108188319, 0.4064753282483352
0.12134078417329608, 0.9836545063127378, 0.687052537180817
0.9493802957445362, 0.4678947703025068, 0.995021801926142
0.06994780661529476, 0.8275604091249182, 0.9672669231971296
0.16116825003561586, 0.39236515796400695, 0.9221876968976233
0.7840441733267657, 0.3803547274623834, 0.019646839399453886
0.8582312164640132, 0.4169275516828993, 0.06458212483255543
0.8934485938419282, 0.3296465636810263, 0.516570222966861
0.3653171861340295, 0.2781785340107854, 0.046201943862720474
0.36439658334663505, 0.9140581562337037, 0.5563717054531908
0.09445149894193883, 0.05418124764443222, 0.41761509764263005
0.8379238810108962, 0.23290616659962904, 0.30976769766907297
0.566142747994986, 0.0553336851837507, 0.40024105514104247
0.045158780352031025, 0.36137857172618515, 0.9055798499423168
0.5054174193535119, 0.22731168921524336, 0.15320244168012054
0.4689859780978849, 0.3898867579151307, 0.33732285682924035
0.38454819702553067, 0.5864024361524662, 0.7045830108352307
0.7422886652483411, 0.28786216129462305, 0.10826089068825917
0.32819849146562885, 0.5879801586560792, 0.5507167224515824
0.9425345061467292, 0.868277672541545, 0.4015712460026907
0.2738520903516971, 0.4233623759142594, 0.7329526883821607
0.45401132885450535, 0.3818327198802325, 0.898074058462331
0.23868277829746742, 0.07323508961868186, 0.014669496387966552
0.5875760811472981, 0.22814948711354088, 0.5222536572036666
0.32817223958169695, 0.7135396234659184, 0.7124980521708255
0.7602728290492662, 0.5614618365734594, 0.6055541102393639
0.12340515813431052, 0.39033557461842183, 0.19198474173730318
0.002388933156592832, 0.8629913151611548, 0.3635880037112078
0.49153710925651106, 0.043731519278300324, 0.9733861035802243
0.5581188483229809, 0.8212196358254823, 0.5122468914733093
0.9127931062901986, 0.17942481242035957, 0.5589081501664469
0.7305300344989852, 0.6211904706304879, 0.039905088532533606
0.6397396590758896, 0.14349938597032041, 0.28634210847575015
0.16639032253822328, 0.30827665185019604, 0.024005900155187332
0.47958388457583123, 0.8575626446392353, 0.8304273438170326
0.9279090980194478, 0.6208875964179223, 0.267225043825448
0.5938634635046652, 0.49459770989972107, 0.05399539400427733
0.8247300322288409, 0.23759066335529955, 0.9399094426209279
0.36495548508009135, 0.32047850938011047, 0.19449144896992565
0.12063055578297033, 0.9611799477791791, 0.28225249791557605
0.30507438188224734, 0.363232996147292, 0.3431837266070238
0.3472456007930741, 0.9663267671410442, 0.34423281780397874
0.9474535334942885, 0.6950075429465741, 0.6164832054986245
0.1855307591688634, 0.9164339099339158, 0.24812046106394814
0.22468532195019086, 0.585321875970115, 0.6604074684437795
0.2702759604093996, 0.8539229096746992, 0.24363823270572027
0.6160846246643368, 0.19552378456400832, 0.2963103132320801
0.06131471762222129, 0.1780077716263182, 0.007814482665473133
0.2416659202149788, 0.5921448562203859, 0.38141357013067734
0.25655982840069913, 0.43352724074360327, 0.010220146664347007
0.5489862791844533, 0.8417864075784012, 0.7911472622765698
0.4179227782455115, 0.7789740531714824, 0.03155959757175353
0.5316826279268394, 0.6647683066846565, 0.8484291859292584
0.7847062480059608, 0.9136976301807468, 0.9732714409055899
0.8328723563503663, 0.3434662874932285, 0.34127264632294774
0.5752343810688042, 0.5024699063195012, 0.23355498919158235
0.2174191423896905, 0.2503342099972853, 0.34485244716533847
0.2632191755191712, 0.11616788487438545, 0.128612055432496
0.8859919896993341, 0.8482218569630474, 0.5546107355536414
0.36944306250083936, 0.8330938170692418, 0.0062923654121807004
0.8893407355955989, 0.36179361292511203, 0.44724861808533123
0.66242899510973, 0.6361489929684263, 0.9040478090562998
0.4686291071146451, 0.48554459873432165, 0.8175012747711822
0.41641243399562267, 0.8633048608911217, 0.3372954242326768
0.7792307578515754, 0.6148860942450293, 0.6382876145176978
0.5555363061496549, 0.286048178216877, 0.23300442099538565
0.9802089243078023, 0.717696255755759, 0.6048838557682114
0.3160503318352752, 0.013070748358421369, 0.23347010515726263
0.7157408552362112, 0.33214448428750687, 0.5417985920801197
0.10157370475554695, 0.7516521648562169, 0.8456078252828391
0.2508661471101342, 0.4319112972256429, 0.26249895982854055
0.7802145133798025, 0.9610492816611214, 0.8823559125510425
0.9218611868185108, 0.36343043181130164, 0.7124061462358738
0.9884442206700633, 0.8517356053423216, 0.6874586493760807
0.6378697411219096, 0.4746400109522102, 0.8268704839918076
0.448889908604135, 0.8193773755997394, 0.02742091538619973
0.23863053798692901, 0.8359828261551643, 0.5772518927555873
0.6832954614601853, 0.8477191429102713, 0.721075187674447
0.9335871972827605, 0.9389584102670671, 0.035749558143940985
0.28535389738347217, 0.31168073699331955, 0.9261443024837762
0.47757060732169776, 0.9541879787150102, 0.8860938902110839
0.5103407392392815, 0.8994162586266923, 0.053455637145546464
0.38171099393495156, 0.9703740174901725, 0.8623630038217326
0.9107727900321301, 0.5352061059215697, 0.9949819147892716
0.31624251039004925, 0.22025699835356916, 0.8786162396499182
0.09283967950621774, 0.006071370118983843, 0.3654376253049725
0.9822584050150422, 0.15410640449973423, 0.6812239511037207
0.05214917911277506, 0.803017266704947, 0.8244116883851883
0.45698788674479496, 0.04172169214306254, 0.3240688978111861
0.5563027955745712, 0.6088065867160958, 0.9945081850554106
0.24339558253648275, 0.6885248249328609, 0.5414264104618293
0.43476643233764256, 0.07098522506062577, 0.6701076771603375
0.668330858279467, 0.6301381935731851, 0.6283984398482105
0.5940854971013567, 0.4612576709555518, 0.7424458297999887
0.6094251629985011, 0.5347751795732799, 0.9852594108235021
0.9512530114578913, 0.5568416479277297, 0.79289299920209
0.8216812129959208, 0.37761256685269573, 0.33781818545262643
0.044388999074321145, 0.3995947600856302, 0.5426509989353688
0.9593163131935978, 0.5617312644655398, 0.40564028919118467
0.7841161562303823, 0.3548540065202209, 0.13047293589693276
0.12289328014971934, 0.5237404014251983, 0.5953058994278271
0.019287192669493414, 0.26128643372160787, 0.5292492394762166
0.8289447420001058, 0.37825614087090476, 0.0852814172290699
0.34707073768278285, 0.13971980815911766, 0.7380519214047688
0.41889909516057366, 0.8952784398610363, 0.42780634801590633
0.8617494336230788, 0.4138807836130972, 0.8010270291940107
0.36274965358507305, 0.06136139837155008, 0.8036675430586285
0.4427158040492669, 0.4370663549967616, 0.23278902925908607
0.7340481189701158, 0.8143427355459937, 0.156954529356227
0.28573200487715056, 0.16074056795894598, 0.26798731749596527
0.44680332448308546, 0.3492035820217406, 0.23483643774947127
0.9100878453679491, 0.415481657676969, 0.1186483255358195
0.05895058602274572, 0.9281546991625418, 0.7349250543744607
0.9772611585016098, 0.6900836255469142, 0.40678830794068455
0.015328352967744818, 0.07195835985598864, 0.2896183161336596
0.2553465209512341, 0.7262911016482401, 0.3535522202587672
0.8765347957258822, 0.7143330390019161, 0.40955189170929696
0.7010332483638327, 0.22684429048229127, 0.5335550884138855
0.15648637249445596, 0.6414648484516396, 0.08040437858594085
0.32232475290110485, 0.5823333324720303, 0.8498471889281529
0.9656932994447347, 0.7604554336089042, 0.8191518182821881
0.5674085809045963, 0.6337847088564647, 0.3285310408955574
0.3708015722774626, 0.3121341316477151, 0.3046783968347495
0.9669023425718952, 0.02577836890480334, 0.7719429824514826
0.6723067485306841, 0.6050915081572193, 0.4075239589663282
0.5687772930445039, 0.888950201264908, 0.8167619396371959
0.15687079011972838, 0.6609672072280386, 0.5554597927745665
0.9501378735696474, 0.1875695296534564, 0.5115879810664758
0.08059824635628154, 0.9597340267472878, 0.9333870674389453
0.7921269792242072, 0.6409758033762343, 0.8224826139165892
0.014051500417798013, 0.3136295853787573, 0.3724702123895307
0.8598213349088675, 0.28736014474690463, 0.08159492939430979
0.3546852547232947, 0.5070328404748198, 0.8260546824269498
0.856243529920675, 0.4119156058724497, 0.07210205729590224
0.9606079852804943, 0.3663809466040895, 0.7472501442243645
0.808585503702726, 0.1628547253160323, 0.37293284104188873
0.9508599207825064, 0.19046175410322785, 0.21043832866234147
0.10732827954692403, 0.9791808956999695, 0.6216602191565143
0.76833487047085, 0.2202600909421123, 0.2886157063983992
0.9389410657062405, 0.25125411907266726, 0.2679521735680821
0.42554306842942424, 0.9740258922819209, 0.5895068095613883
0.9359156453991723, 0.023836582929748995, 0.1293555104947538
0.3109663135270997, 0.6542769210903516, 0.3417603247073915
0.3915775022685255, 0.1730418748679564, 0.9941126253326037
0.18202068201301402, 0.45784312593373955, 0.43111991868579125
0.2508277296003061, 0.2819199038728508, 0.682219125756998
0.7137185234466804, 0.918464712353209, 0.03496954583216494
0.3629970860357916, 0.3896396894897669, 0.3379335615600203
0.7109865713764376, 0.48640967234509047, 0.25869278126091355
0.6625032003951977, 0.17860898428394967, 0.41823861421377595
0.37510173293062066, 0.42549744706104686, 0.502331775136623
0.1920274350344452, 0.8214976167758455, 0.41798940122959105
0.6855779164957045, 0.9810870788293473, 0.2914372043803255
0.28839004360585585, 0.26198377658501726, 0.06120977110183712
0.40967747055862314, 0.26117861969099565, 0.39899142044405844
0.07198332801327356, 0.8219744068425003, 0.6386232195050313
0.6710053619913983, 0.666823934580535, 0.21996451387829352
0.29719233540765233, 0.683784575776033, 0.7053224283669312
0.6317255178048026, 0.2194595470341354, 0.28740520694255167
0.9862258154196579, 0.5049024232636277, 0.21265420336983354
0.20204300320591895, 0.14535203548426678, 0.3368241273939202
0.3566141912658901, 0.49898913448707505, 0.7499623159345647
0.8648242961671969, 0.3967466218852084, 0.5287263801156263
0.8095929855866814, 0.12002010308547362, 0.25170523718378146
0.5685576005905547, 0.8930738439446709, 0.9690908001675665
0.04084402414862931, 0.6741914690312409, 0.7924379264281994
0.12113755488836842, 0.5531087398270579, 0.9628556548638455
0.20665327160992386, 0.9604947859772082, 0.8768789043674811
0.8299205735250351, 0.23158439049886537, 0.9814026323227493
0.9893750690644524, 0.4066815835489953, 0.5373172954699431
0.046738702557152956, 0.46459720405662497, 0.9038617868523099
0.9899587619830801, 0.17054712827676932, 0.10036217064492514
0.35356038586799465, 0.13224686707202415, 0.03289099245192417
0.18785894278420578, 0.6617874917647028, 0.37578698170727454
0.9755942708840376, 0.3512427994104952, 0.8143885663903747
0.977452562636787, 0.7987277534917065, 0.3701406072236497
0.5410769478181141, 0.8734687768097604, 0.28023277536450875
0.16454107064797752, 0.7354563721730953, 0.22692133017966987
0.9748658524258722, 0.16939539885995414, 0.45332959598024025
0.1079111029049632, 0.5136856338282225, 0.6553554078164338
0.3672536071514553, 0.07030087741781921, 0.3215938585912067
0.1624276530399228, 0.14221513292270405, 0.5149773396057162
0.39797970753407874, 0.10492362750792628, 0.3154655176129165
0.636777893011419, 0.5643070204318579, 0.7789377606824475
0.9129666197243214, 0.44070867968446215, 0.37252256235015135
0.45768654697438593, 0.2155647694738665, 0.7828063719195899
0.6894523325993853, 0.9953935253588765, 0.7999229679431383
0.6419734108214341, 0.8248925150501795, 0.3770064287728926
0.2224059441359839, 0.8613422001669975, 0.9548902219237377
0.9488846670391824, 0.48852695602506746, 0.41120099960723866
0.5067484876549322, 0.6446964168941774, 0.7562286555986195
0.8202404709669776, 0.11857907134689027, 0.38111642756571307
0.5581851115561781, 0.7978565649892051, 0.7637655703978593
0.9395173310807111, 0.19647566344979162, 0.22747157573860877
0.6394885066129401, 0.07269840055436827, 0.8623955303700823
0.6493126731806645, 0.4585028830731428, 0.27979783213815657
0.46483213656627376, 0.07081243020483052, 0.8546482086987761
0.6778853528982727, 0.11255016918314764, 0.4437740635742652
0.7151096427961451, 0.6653346304203527, 0.6888924048924712
0.42966894616426277, 0.38623803521808897, 0.6199255868790818
0.9818175859114302, 0.13791200671048864, 0.8647760055826241
0.7037284895212895, 0.3878603466779804, 0.3666862357836955
0.28262592321019564, 0.9571738261278279, 0.29551262708915715
0.5018643732290522, 0.22083471643658192, 0.2563126153978522
0.8716898006975965, 0.6368026217510009, 0.6472599153399884
0.380124211693346, 0.12435899928974758, 0.6642575411596544
0.5624198745827976, 0.3888296076398897, 0.7950710241737892
0.06140366446395551, 0.759320357237388, 0.7495201455910278
0.8470513506290723, 0.8399067196686492, 0.4555891242053912
0.1620131235271306, 0.05766980199225147, 0.6652326595743341
0.9400384962439031, 0.8356969480695533, 0.498522702394394
0.46285066015591525, 0.7908154804709235, 0.04723064765633789
0.49202496716022015, 0.9237136456994096, 0.6685880582858973
0.1693136859887373, 0.9703239835385563, 0.19737705714702147
0.16575494473518382, 0.002343540129967847, 0.030511243571976432
0.718343278762673, 0.7014556531625558, 0.16363053342691314
0.8795213665218348, 0.5496949153487599, 0.9921963794824936
0.4929404953194043, 0.2927728208539383, 0.8478078437439065
0.19919647320944367, 0.9184875525244129, 0.1725179709765018
0.052910237467212906, 0.4560995808298399, 0.9941009939759655
0.7850348182229124, 0.19248155913474663, 0.11448157520990343
0.36614163566117686, 0.7802063563828358, 0.2479610483861039
0.7096282501126638, 0.7578446497347558, 0.1526980992839817
0.8799625119350973, 0.3453427411286063, 0.6691174448209861
0.8908574836125369, 0.933168311470274, 0.9240835565154604
0.8814228167177248, 0.17762418491966236, 0.049302430640592365
0.40752160242027546, 0.03022879866770989, 0.6571530210136961
0.40505864083332555, 0.08264502951691655, 0.9616088584699025
0.46151641910080354, 0.061586596803565485, 0.6298287329152545
0.3249267976714769, 0.40376680155314837, 0.6631153429825337
0.6418247636853873, 0.8701431394613709, 0.9868033673610611
0.25451996105669616, 0.12641946209016264, 0.2161306982259068
0.6519020012165536, 0.8011139077469034, 0.44054116050437586
0.435488968025587, 0.9964311019543186, 0.5886760845567532
0.04989235959446936, 0.6616981613704377, 0.5271899271384233
0.05769820622999111, 0.4857187336562001, 0.06605594684738747
0.883970375788629, 0.7830646960661247, 0.8791166585534955
0.9746906560908882, 0.3673570676188217, 0.24885368705672262
0.49331991187087076, 0.6000468630137448, 0.03544486976947292
0.7876745526847805, 0.745695142213373, 0.8465907992744827
0.5960663595541852, 0.5549337765017616, 0.3137152391084902
0.9170842086621528, 0.8142871042417734, 0.6906474764067416
0.05296820265492985, 0.9936273601384122, 0.17933901996518442
0.884895751416919, 0.6202982712606481, 0.09677291872513072
0.13082783408501386, 0.40774009805151235, 0.8914659910228042
0.33636458454829155, 0.2309632175240387, 0.29040232779806074
0.49025123386299707, 0.159355305047013, 0.28772549579915774
0.7517293968113836, 0.004714375447331665, 0.8727119172228727
0.5832958637089821, 0.15244531586539012, 0.7563679113678349
0.6736145126011939, 0.04274186141184422, 0.7294183508982295
0.30930124612590293, 0.654510188645506, 0.3898635685202909
0.11314724922143615, 0.25883986972178363, 0.7671827527554751
0.08026996835565636, 0.16389795889405734, 0.22310915941281495
0.5278510673850302, 0.07616933095821699, 0.9753978381495229
0.3759123412363581, 0.32441076597355656, 0.3330210240383209
0.9897218206290624, 0.3056210168465069, 0.5472853305565197
0.2051109421420093, 0.04298084914324829, 0.4623159256505778
0.40695415050213046, 0.8452759593738653, 0.818649648950159
0.9642044356870778, 0.22407671587166722, 0.07341751480817782
0.6238480744652323, 0.07438047362632116, 0.18223373213793237
0.11910836725049301, 0.623615640433415, 0.23028167825632873
0.018657466802774914, 0.10551027352937359, 0.6691965824215275
0.1107373885319588, 0.8949252912492481, 0.13498486528165088
0.6385785904934259, 0.8592907743014858, 0.7374416414061378
0.36119390763332826, 0.7710053086529275, 0.24751637747883926
0.6666356209805524, 0.4881489855167016, 0.8219091817541537
0.25834466642194565, 0.7441527210118857, 0.723584867032391
0.9906874846033685, 0.29694331214925995, 0.158920702201355
0.3321952190535413, 0.4809715024976199, 0.9954942735505165
0.1458215371720024, 0.5836825229634915, 0.24151494111491756
0.368245118621784, 0.3848024401367093, 0.07123916176737999
0.9055543358136885, 0.8945016394268269, 0.36361091151255975
0.08798983461939003, 0.19747074605663995, 0.9597679618517673
0.20394026233051832, 0.9920900538219016, 0.10780898569468378
0.9690298582664988, 0.7486232429487186, 0.2655893915169776
0.9511862362885823, 0.3612152028064999, 0.28661370250413043
0.2778320540577929, 0.016349724590463577, 0.7001555794853044
0.15284705692892808, 0.6010815545398761, 0.8936187166036483
0.9949111480436662, 0.581672217807293, 0.09422051957311217
0.7221729208625342, 0.4111105825162319, 0.6153992652569337
0.8697902898296178, 0.5381263255328563, 0.5749969132703361
0.5736085949919542, 0.6902993559190103, 0.6240514298417287
0.7431585439536431, 0.5742188307830597, 0.3016436494306507
0.26159594577598877, 0.21346478574964, 0.8639122451600488
0.7046458497863023, 0.5710602547739719, 0.4865133763037375
0.26336848865583184, 0.39013461952332373, 0.18528060698905524
0.8519370718162147, 0.8618582583280172, 0.11864929547556358
0.3498897409836864, 0.270205327630734, 0.20610056860268966
0.9127689250716462, 0.6680027131759957, 0.648095911225118
0.6198890315492527, 0.5482294023431554, 0.11460286833290678
0.864800945706502, 0.9638432495558912, 0.9794057128856506
0.13437914753527558, 0.1956701265516888, 0.09874428968316629
0.8154009956815269, 0.6064922869074696, 0.10188355043846786
0.5512634177522292, 0.17489778388154198, 0.21072460936053983
0.7068856117187898, 0.3974958729678064, 0.9910911397872347
0.2616939813833111, 0.6641999382039195, 0.17756251177672644
0.11243719968191568, 0.39128952641862125, 0.5362852161102019
0.7336436692782673, 0.35061492000354, 0.5542133654664301
0.25038001401959975, 0.22416156293183032, 0.9640127778770304
0.7074885025232988, 0.6748245165878982, 0.20842867034705237
0.9332162285578647, 0.17202040128690887, 0.8681353657473525
0.6189314195215035, 0.7843857406736778, 0.1227758895972596
0.09314978404925456, 0.6425197309943029, 0.6470796494199346
0.8738695525911273, 0.25984314098858785, 0.017124981829922836
0.6949894724590892, 0.625824585501695, 0.06296430587392643
0.017230047896961587, 0.11121992856192142, 0.12450139758056178
0.7144213228247149, 0.44916701170108486, 0.24416001608486781
0.24466414773708, 0.835389303841223, 0.3064195420640071
0.6756549385818983, 0.8558815537791135, 0.7694018768150183
0.345458321147291, 0.5101034198605836, 0.45443491289043614
0.30522572062641873, 0.7342398395496674, 0.3112687805341121
0.952133629018646, 0.5571078132550625, 0.09835026897126153
0.7630059168615049, 0.7014136680402447, 0.540023196413217
0.7438774161735552, 0.31077093937796774, 0.3058222607066118
0.7988406296565204, 0.5714459302455913, 0.752693666938292
0.015968018479722956, 0.3028624714779067, 0.21245180194531077
0.9921579347235523, 0.54324236886958, 0.7009840656927998
0.21638429231739564, 0.9382479461755825, 0.9370948415074416
0.947757156302813, 0.6972247462388235, 0.8460837036605597
0.7663711694242815, 0.25693073242891273, 0.7072633727952786
0.2259821491088425, 0.22119975457915708, 0.3165817830774189
0.7482765465096183, 0.8185448220723162, 0.9091389465101176
0.7087377939491217, 0.25285893356143807, 0.03218697273415139
0.05777330794480173, 0.5164315660546979, 0.5728061047021558
0.6702870470909273, 0.5556748993667469, 0.1724178087153896
0.9967948725305565, 0.7370496782337188, 0.764620599096509
0.7063208963797412, 0.586210608666825, 0.604339115731895
0.3181844872737907, 0.6807710503312004, 0.16582139350358338
0.8461542092337326, 0.18530016071264688, 0.2721262298262218
0.6351014548874422, 0.6030804388264138, 0.12211411864969623
0.14766569071525926, 0.876357400916509, 0.4259678911539835
0.26142884177547776, 0.018679983275842638, 0.9274121086733598
0.16624870724608432, 0.9962599133006, 0.007671949292800351
0.7594533315909449, 0.6297213638059946, 0.502508421788711
0.25792144855360133, 0.9547548980966065, 0.3912934013377424
0.21547652547726293, 0.5349564198456584, 0.8143306244174493
0.38008768786594016, 0.32593049150804987, 0.9220112276953086
0.9421822515636521, 0.5874822561938405, 0.8936421383327298
0.09534301390496092, 0.15065409223247872, 0.5250671209168871
0.48981594360802794, 0.08031516100729108, 0.6105092486423431
0.8651658764639604, 0.3745363103427811, 0.835446590766561
0.5296934042704836, 0.033483704852320995, 0.09134500320120764
0.48916422964297257, 0.2863533144085719, 0.39160776939972775
0.01828649370918589, 0.5627855416497195, 0.8645301446177049
0.04649985486168573, 0.8532343726010362, 0.053296486012651245
0.6450473532385187, 0.25478514630090254, 0.23103968924098484
0.8207798078610853, 0.0894663048719041, 0.8515552780544128
0.6710175171019782, 0.3278875161029099, 0.6215829197208281
0.1265675151857557, 0.8355155271203927, 0.41254020560371174
0.05879093720490036, 0.09513653860304105, 0.643784435200221
0.4400753901644273, 0.27473916382101904, 0.1666787352284692
0.13009678356313126, 0.8773556192495467, 0.3850606546687968
0.8007833664939014, 0.061037215700055714, 0.05888655369056495
0.6395543491381629, 0.8588491311035797, 0.2341139431547471
0.673784092177324, 0.3770508614049609, 0.008738049117712143
0.06831747926006926, 0.292468771607688, 0.8532955100227754
0.720563732660973, 0.5669796753116956, 0.07325441424719725
0.487533436849544, 0.10364406984378394, 0.9842620738794763
0.6415377042594673, 0.09008333696860082, 0.0778130220046096
0.5588297973958404, 0.018083840133273688, 0.9310374511208009
0.1467004743712097, 0.4917432634397567, 0.38794266931257493
0.08932774428852597, 0.3462523204537189, 0.9403267642945063
0.44781887286151534, 0.3817488964523147, 0.7786779725385484
0.17574963724089754, 0.04725871205840326, 0.31313094871697866
0.5101760707997688, 0.20928199622441135, 0.8478049628410008
0.9117059448021627, 0.510202980713895, 0.13066397219682413
0.7643106201946084, 0.01781392273098481, 0.740713467712913
0.1217533900454204, 0.02389136383202184, 0.5794459325689668
0.46571620104271116, 0.6095942979810597, 0.7805352381513047
0.7747227904619155, 0.34465140113858406, 0.3052740352698058
0.3571776741418401, 0.329260023751318, 0.897511637201507
0.9384145085459089, 0.352088603664803, 0.22547108214416223
0.48529108358154305, 0.341868681218631, 0.04270789470964753
0.11121225167041948, 0.03626239706558754, 0.16717064364633427
0.7476037773759814, 0.10677445222567683, 0.366744676295344
0.9185139094557166, 0.06601874843839217, 0.382078823537212
0.09443969602901525, 0.18150907203311062, 0.20450591050792066
0.830033799438353, 0.8230781139111714, 0.892698580302549
0.9214480402809472, 0.3973642166204717, 0.48903103140539184
0.24678310972836037, 0.9727906970713774, 0.15082319278751266
0.5037063456664583, 0.3707403958058807, 0.32610967577841776
0.9545501067593393, 0.5999639938016751, 0.20749386546379978
0.8251723756731161, 0.7134389664415661, 0.09644721511898857
0.14651527462125236, 0.4334413038225763, 0.49773344190992896
0.6306419913674389, 0.814721928651185, 0.6625076583436702
0.5056658733910494, 0.2796403976725639, 0.0982554780417344
0.300231089581512, 0.743809917536318, 0.3869977344136022
0.9042061315495439, 0.09340186321826527, 0.5089169514307499
0.3447374017331024, 0.3910727728531844, 0.6110296355145498
0.24035923359078748, 0.041471479009352, 0.3977252782923628
0.1169032038043768, 0.07890313289515605, 0.6807691645799611
0.5828630843353807, 0.9138534744591389, 0.5153881738267787
0.19831936296122687, 0.35043954182589476, 0.2871920406608809
0.8419888419190085, 0.5620971519137975, 0.9812486792211659
0.8710862644744728, 0.729087700924922, 0.8266590041464387
0.516847607686271, 0.9891706533414979, 0.14238988632467076
0.9308545592209899, 0.849214100964966, 0.2794840423693178
0.9877607712772734, 0.8776578063631074, 0.15801560256490899
0.7038603905815501, 0.32536998476564594, 0.11548363567464148
0.3070924112228779, 0.8631907028517141, 0.7300766084247018
0.6522707924922007, 0.06273443048228444, 0.39251213656034645
0.3915919456553114, 0.6767754083372197, 0.028557520311434326
0.09366994846931564, 0.845807848419917, 0.23593393912507266
0.00526150236549483, 0.37833634772118496, 0.8077799204665873
0.8228181924633072, 0.07827939151524144, 0.5404600933448749
0.4372069741139163, 0.5666192885590127, 0.11230314657355467
0.35475903756554206, 0.5088489938007693, 0.08426105390880645
0.4888979243623356, 0.5066577051053124, 0.38317813126337474
0.9526582369977905, 0.8618941257501062, 0.3991098819470523
0.37665828694208126, 0.19129822946546338, 0.424971877054364
0.9530367138780397, 0.1164005571922413, 0.1067390438916116
0.686830212271359, 0.12064860621501183, 0.7305437702409543
0.3437813342287257, 0.03155928137094577, 0.9647088460931061
0.27355993097190223, 0.012484834593598615, 0.40531035942765015
0.32183614710797226, 0.6147872516152295, 0.31586501164051317
0.315085479267319, 0.2642318406014823, 0.12884386840259643
0.1900187298630781, 0.9514445621674712, 0.8017566687907737
0.9181775204454551, 0.08659268395156139, 0.6541548098015394
0.5250718040369522, 0.9708579229145055, 0.17692163678531203
0.12828360926622473, 0.18059656085713416, 0.6108200619994101
0.9378282301082704, 0.7879625747992326, 0.48932567864418686
0.8331181294066883, 0.29098961030943427, 0.35602726033281396
0.8740869968800435, 0.6333516420369907, 0.21094053938136403
0.37996327463926427, 0.1436102316545369, 0.23827651919751025
0.991196774459647, 0.6380665801297494, 0.5968159950675646
0.22371579675098208, 0.16364625365122687, 0.5044514668968487
0.45702381510359835, 0.8662357995669281, 0.40326994501163727
0.21751738830297052, 0.02331644784757969, 0.7166556990582049
0.6184179521410328, 0.6537114254919738, 0.4350872381168628
0.30630936529395925, 0.8262813822735228, 0.646900296226746
0.48583623330244086, 0.10108048855062346, 0.34386305425962793
0.11339202013488847, 0.49356965038022005, 0.3035830964400187
0.2866658977196741, 0.24362428160926786, 0.8376966592102233
0.8704614988680012, 0.3604805080807658, 0.8037627478473719
0.4061062035047175, 0.1596350129239038, 0.4560684525440797
0.15392944392765917, 0.8611457325931509, 0.9514144176476278
0.6122010989142029, 0.9345075375172057, 0.32951321763898966
0.19776897936878857, 0.49942865814611415, 0.4979458093816239
0.8486119467363488, 0.7456237010539936, 0.6951174992715182
0.07071237102327732, 0.6607075976870224, 0.4529190150547484
0.6697081899555084, 0.31852382098387566, 0.23626563737103712
0.570265687825868, 0.5848107664000921, 0.4577028426998365
0.7291362786387269, 0.9963801416868545, 0.7156677108738944
0.306493166409739, 0.41879332431383776, 0.03208633996288657
0.5536791926212729, 0.7023883339766835, 0.578622287908798
0.5555221524490055, 0.4190992784868226, 0.5250061678199269
0.12429199339876063, 0.12029003263736271, 0.7196757750619107
0.1587685747865225, 0.34253358417094104, 0.3386425405273392
0.8279204672451741, 0.6056217082760522, 0.978188965961541
0.05339580474116512, 0.9178606645007024, 0.6152590823117442
0.9661808060975245, 0.225114888617008, 0.0015367534645711611
0.13878622443668243, 0.13509421385534648, 0.16521687425518838
0.836174912072593, 0.13149186706006166, 0.2803504108667104
0.7309888756397718, 0.33487801436209985, 0.2313680456273004
0.10749075980694156, 0.3651201204239032, 0.6068415084742267
0.1222471741349428, 0.6798791495826034, 0.41019817983445006
0.777515815638816, 0.4539009458703064, 0.17016984972897908
0.9577216125939925, 0.29480019087588627, 0.03617313397800548
0.9111764414268568, 0.6015325760087206, 0.5142672866732857
0.6501936285526788, 0.9693171104922103, 0.8571742991036937
0.9745821090404614, 0.22694912770221976, 0.722600630940181
0.681530439059079, 0.9236922056805664, 0.3319611071749785
0.21515556765999588, 0.48120428625914313, 0.3370309227124333
0.8645491974006996, 0.38159566790044963, 0.23344786959106067
0.8808893546722023, 0.6311342473738965, 0.5870522358778149
0.8600520219500175, 0.01727598219315829, 0.9842618802446361
0.31249408243713916, 0.7924608102087322, 0.7209984461966724
0.03250399245557378, 0.22999432778350104, 0.7454742849495457
0.08536445473808485, 0.021122610490637683, 0.3588928470028637
0.0772561969421991, 0.42981394246618654, 0.35935602354183394
0.4713413247443312, 0.7549636595296361, 0.390958354165989
0.4274150309581273, 0.42450825861205965, 0.8681686559431702
0.8779167484743031, 0.7347525926333939, 0.6367590074407576
0.8363414485902559, 0.7035027328188331, 0.22089727614067567
0.49641593377868243, 0.9420187824667424, 0.16473042008522842
0.49111751066019027, 0.09424223349529048, 0.5878803696576829
0.839271224230335, 0.5614097249741138, 0.3045825338507102
0.7238093260049326, 0.3889078463475294, 0.2507806637444405
0.9051319715704592, 0.21911336693037298, 0.2166954713133301
0.7035202779747205, 0.1215949629960259, 0.5654355793604429
0.41145471173699333, 0.6501381664064434, 0.7110334163872583
0.18748459315442323, 0.5313843080490522, 0.9228635003081381
0.45649382790082826, 0.8115661390639892, 0.4279961967702669
0.43008447278467565, 0.7355411783757473, 0.7959990062660834
0.4922393114447998, 0.26382996117379487, 0.6466169982926918
0.06285035727542632, 0.4165927384062672, 0.8653729345797998
0.02967788812147032, 0.287026731440841, 0.8100725991936925
0.20626162677774562, 0.6013597667767802, 0.2966086600225756
0.7775115545461598, 0.7555604487913051, 0.33995236578155863
0.21741843232085778, 0.8801334376489245, 0.5988102705780611
0.20175757375720527, 0.7551620891708936, 0.7313599254122476
0.4501932278487797, 0.22794373288708414, 0.15008805812712067
0.849949870822344, 0.45661442279955267, 0.1097980716035184
0.7619571610215019, 0.29198652633463373, 0.6308892532501497
0.3203175794526233, 0.9472189645589253, 0.01389128681925278
0.4709514727246714, 0.9913680840523919, 0.8756425404917464
0.8805570952986466, 0.8229740802304363, 0.818180586161343
0.20024997635272979, 0.7258586763116397, 0.3285211833648496
0.40674231696086527, 0.04225342261012954, 0.89721063292434
0.8593260835645847, 0.6446797965029532, 0.5817974117547405
0.27150852181348506, 0.1880167924348688, 0.8725197116773417
0.6556602320384948, 0.8167024852862844, 0.7690874618506317
0.8597526182578722, 0.15466937600894526, 0.39141646886331904
0.9116399517839386, 0.8489137830566439, 0.6864377037166597
0.6244404550908971, 0.8138971574319884, 0.2209340993822383
0.923128694292245, 0.3965874107816676, 0.899215671755495
0.6563033772777047, 0.28931050085695964, 0.6593201500584946
0.64430204655801, 0.019127535335370704, 0.1615603963176262
0.06771790714057158, 0.6225638281032015, 0.5749496774001356
0.5493319921774446, 0.17976610890808975, 0.7990025792933705
0.5682447219363158, 0.30570057752244273, 0.7796172621390063
0.20778303285671607, 0.6317861525885705, 0.2769518901157729
0.21938447420785867, 0.019589082214380715, 0.9776220225497909
0.44158227339126743, 0.5421936226056431, 0.6631034938199317
0.8281874801067063, 0.012129543275900989, 0.5486339685561386
0.10342525358005872, 0.08611867544686913, 0.6773549110600597
0.8994112206571051, 0.5999649248655742, 0.8126236517221948
0.6476487413118024, 0.8089210253122691, 0.2673345499260278
0.6868033238762036, 0.9331336527539458, 0.8776250387767708
0.5449758262350606, 0.25210570340624416, 0.3317905647299956
0.1355255844729758, 0.24474629924285607, 0.4211353809556502
0.9340346960164556, 0.4246992682114372, 0.1904103236673711
0.40632901919876163, 0.5605201601668565, 0.8357636656839331
0.5889575153583954, 0.9715470703590545, 0.4415529123377411
0.03131556277941572, 0.18089890791758256, 0.658420819486249
0.6193442790962985, 0.9387929533107198, 0.905166496177093
0.4313327623586427, 0.008437896590198335, 0.475877540943757
0.283969241137071, 0.006197806915025805, 0.7849950805441859
0.6834678408349326, 0.9839348882009893, 0.9807514834506861
0.7922249504400494, 0.8844178735203069, 0.0420933046208084
0.7678403492189927, 0.9470971773260939, 0.2606498640258672
0.0587340690173791, 0.24824936068590953, 0.21257703489040625
0.5469137616737764, 0.2538971363501463, 0.005889373350184912
0.5599736275504595, 0.37638015641804634, 0.6602322843086876
0.9857076032608323, 0.48759402885985414, 0.18141768646391065
0.8821894551882545, 0.4234723576419106, 0.08474747092412405
0.45231970008281164, 0.7899787710491503, 0.9366229240525417
0.33424544071078766, 0.5874090930339115, 0.2364653680025427
0.7366644101282089, 0.33189480217495493, 0.5298642510934182
0.3861411469816547, 0.02612604090599102, 0.3680830362914068
0.8797736150317129, 0.5275414342194898, 0.7768910805197417
0.3644058842710012, 0.19433939229688524, 0.3039521415771418
0.25174509330109873, 0.9873894335480586, 0.7448160611498107
0.14197823193214876, 0.8272787076953394, 0.8717103012014492
0.0856828386611983, 0.2835221944390831, 0.9038197259674474
0.7769189261061552, 0.40971322548186273, 0.23394691613258456
0.9468588980552541, 0.17452263064709306, 0.8120194999651821
0.6276739889048517, 0.9944724143035382, 0.7163869509548021
0.2668129596485962, 0.4821958163319675, 0.2865332718714624
0.2707646735584869, 0.3325360461200296, 0.562455111530377
0.02404310354336736, 0.7288643061711784, 0.344185605644143
0.10977337787606589, 0.6507045290886887, 0.5827206837165925
0.1260608598694164, 0.5029853000906707, 0.4638935353616025
0.35423236245644507, 0.06383423480592021, 0.5141636059775653
0.8084805454062004, 0.3155817013493145, 0.711756025299637
0.6972943739250689, 0.5844874158165112, 0.5828555457825783
0.9789697546062723, 0.10549060734560545, 0.30835728932372264
0.5875352923177045, 0.33832715495030696, 0.9708071378964221
0.5076527163655356, 0.1346274913840979, 0.43175729141609087
0.2004478892450613, 0.8002870102112014, 0.741557013012064
0.9081577263088096, 0.5441314804529497, 0.6119323885125326
0.7185468111179589, 0.3229397693775964, 0.0696093759444062
0.11903800217582694, 0.49905968640488996, 0.45277388694122245
0.14680600921605258, 0.6699296124582231, 0.0579790010854474
0.43474557782423606, 0.4857776906259772, 0.6327520138064348
0.8655569509619255, 0.7260460339644534, 0.8996633030217718
0.3465540465773812, 0.7167605880015405, 0.9984857630971443
0.3710264764529657, 0.610605750129727, 0.948497130605355
0.7315336114000607, 0.6884653399060227, 0.9370751459402444
0.01130186984222048, 0.448247748954829, 0.3900928338581733
0.6134826635183012, 0.09742374586937474, 0.25037905113487635
0.0014668148828429484, 0.47388883043716246, 0.543844356705779
0.5520913268993333, 0.5877758803390567, 0.16156111480648172
0.026619094421790446, 0.6861573829852936, 0.4535633167877188
0.5809038612966053, 0.14202928977034746, 0.36215328731618657
0.4179982772339036, 0.18272534722309997, 0.8303868113099387
0.793087685459498, 0.46967990667187054, 0.7044539755875526
0.2399335156470409, 0.6750671852600348, 0.7621862156735993
0.9957055853652147, 0.05112990415980878, 0.10401246313024592
0.8500568807550503, 0.5996423237608985, 0.9857286842290188
0.9441041423966848, 0.7846247881402157, 0.8318531281272162
0.2103804791604672, 0.12455153199440494, 0.19008862550118066
0.20102410335870258, 0.611120576327074, 0.8344411118782284
0.722444528399524, 0.1494572320970433, 0.46293733268769555
0.6098362528627004, 0.37737202744942155, 0.2565339413965003
0.8477240300031508, 0.8629628876415918, 0.9578956960613738
0.24450958727872996, 0.2842677659599754, 0.49023086551923367
0.6386205614318317, 0.3535641048120195, 0.4255306071685325
0.8140040241368541, 0.9705662151949139, 0.9118226973652732
0.3513296858220206, 0.2624465625285428, 0.8591003484468571
0.2160998456163563, 0.9386244023028734, 0.8724369405251007
0.017199984813624614, 0.16040885304013042, 0.02697058001699193
0.9124550926826733, 0.1472444781831691, 0.4018181911089549
0.6133029336951377, 0.665512412605058, 0.6367712545903003
0.23702521331921245, 0.10805906496414253, 0.6866079278468005
0.867101760803212, 0.7780562399232868, 0.76375885433875
0.6548589574762733, 0.3284717612652127, 0.46179195908316395
0.7475060339872849, 0.27736717969884517, 0.6112762551350474
0.40555538602328056, 0.9704790727047307, 0.5700469044161548
2.666841860418101E-4, 0.6297891753728282, 0.7103308134381869
0.2400545310896196, 0.8370136410243084, 0.7088877772865585
0.2665174154058907, 0.8251238283419873, 0.03567569075970822
0.9825392999378179, 0.3739291683957692, 0.7070246143881074
0.13809101396284873, 0.06247097630911547, 0.8667969078858005
0.10952729579743303, 0.07643531651921254, 0.0032807722593466426
0.1326992880915313, 0.715668915273898, 0.37516598348138475
0.1710773908378156, 0.22559839374147417, 0.5947815029770849
0.8686989580361946, 0.5399395640750515, 0.11718172102414892
0.7166564033733823, 0.13724157146632954, 0.8737444936194079
0.45739109942690437, 0.4483835694640651, 0.7704307159317364

